"","(Intercept)","AdjRsquared","StdError"
"Biomass-NDVI",-34.7290576989723,0.0621037797384756,140.972564548726
"DE-NDVIamp*Treecov",2.80964398834842,0.113075708981582,0.328945671953757
"DE-NDVIamp3*Treecov",3.0832163658288,0.117997541033619,0.3280316888027
"FN-NDVI",1.97924499793235,0.0428542738112644,0.443577504416051
