"","(Intercept)","NDVIcoeff","Rsquared","StdError"
"NDVI",2.25346381880145,5.68417153229457e-05,0.0198908268848514,0.452241714066337
"NDVI + Date",135.607669606092,3.76915722143486e-05,0.444017542710908,0.345446792109675
"NDVI + Date + MigStatus",145.344806512334,-1.15587070000166e-05,0.515572027453584,0.32715969138554
"NDVI + Date * MigStatus",112.848888707871,-2.17089340272234e-05,0.526177980080686,0.328424306780975
"Date + MigStatus",144.540972244278,-0.00870646567578386,0.514894520021168,0.322677519741641
"Date * MigStatus",114.672963076119,-0.00687281773743026,0.523900317982568,0.324335232890358
"Date",137.226105337272,-0.00826799042388367,0.435317901936407,0.343269645388734
