"","(Intercept)","AdjRsquared","StdError"
"Date + Elevation",147.794152219217,0.505979502815266,0.316705980268964
"Date + Elevation + NDVI",147.240019690817,0.491833476708837,0.321208334564834
"Date + Elevation + Treecov",147.763120940165,0.49146084138657,0.321326083010655
