"","(Intercept)","AdjRsquared","StdError"
"Biomass-NDVI*Treecov",-21.329267072369,0.0693957345947531,105.75441773328
"HerbBiomass-EVI3*Treecov",71.4176863641394,0.174320646788084,43.6170653308213
"DE-NDVIamp*Treecov",2.80514830105211,0.126105242404218,0.325161275463723
"DE-NDVIamp3*Treecov",3.07271723332481,0.131112862086962,0.324228312250817
"FN-EVI*Treecov",2.74654797299611,0.093588671736024,0.431661328819532
